{"stats":{"minecraft:mined":{"minecraft:sugar_cane":1,"minecraft:packed_ice":1},"minecraft:picked_up":{"minecraft:sugar_cane":3},"minecraft:custom":{"minecraft:jump":61,"minecraft:time_since_rest":2545,"minecraft:crouch_one_cm":24,"minecraft:walk_on_water_one_cm":185,"minecraft:leave_game":2,"minecraft:sprint_one_cm":15768,"minecraft:play_time":2545,"minecraft:damage_taken":110,"minecraft:time_since_death":2545,"minecraft:walk_one_cm":26681,"minecraft:sneak_time":4,"minecraft:total_world_time":2545,"minecraft:fly_one_cm":25434}},"DataVersion":3120}